"SEGMENT","WEIGHTEDCHANCE"
"a Climate Segment",0.209194866554598
"b Climate Segment",0.190437893004777
"c Climate Segment",0.204129197081455
"d Climate Segment",0.153476465382291
"e Climate Segment",0.165212007256146
"f Climate Segment",0.0775495707207334
